code,company,name,gender,age
1,RetailMax,James Lopez,male,37
2,FinanceHub,Robert Lopez,male,65
3,TechCorp,Charles Miller,male,23
4,LogiTrans,Michael Brown,male,60
5,LogiTrans,Thomas Brown,male,48
6,RetailMax,Joseph Martinez,male,22
7,MediaGroup,Matthew Miller,male,39
8,MediaGroup,Michael Gonzalez,male,28
9,MediaGroup,Richard Johnson,male,44
10,ManufactureX,Betty Smith,female,56
11,LogiTrans,Richard Johnson,male,40
12,FinanceHub,Karen Brown,female,24
13,FinanceHub,Anthony Jones,male,36
14,ManufactureX,Richard Jones,male,62
15,MediaGroup,Jennifer Garcia,female,35
16,FinanceHub,Lisa Hernandez,female,60
17,EduWorld,Thomas Lopez,male,32
18,LogiTrans,Susan Jones,female,36
19,TechCorp,Margaret Gonzalez,female,36
20,ConsultPro,Anthony Garcia,male,39
21,MediaGroup,Michael Martinez,male,35
22,ManufactureX,Susan Hernandez,female,31
23,LogiTrans,Jennifer Brown,female,56
24,ConsultPro,Lisa Martinez,female,59
25,HealthCare Inc,Elizabeth Brown,female,54
26,TechCorp,Patricia Gonzalez,female,29
27,ConsultPro,Daniel Williams,male,60
28,FoodChain,Richard Miller,male,51
29,TechCorp,Sarah Wilson,female,65
30,RetailMax,Daniel Rodriguez,male,63
31,ConsultPro,Patricia Jones,female,32
32,RetailMax,Mary Lopez,female,54
33,RetailMax,Thomas Johnson,male,62
34,HealthCare Inc,Robert Garcia,male,56
35,ManufactureX,Charles Garcia,male,23
36,RetailMax,David Wilson,male,37
37,FinanceHub,Michael Martinez,male,27
38,LogiTrans,Margaret Johnson,female,30
39,LogiTrans,Daniel Davis,male,32
40,FoodChain,Sarah Wilson,female,49
41,EduWorld,Thomas Gonzalez,male,41
42,MediaGroup,Nancy Hernandez,female,50
43,EduWorld,Patricia Brown,female,26
44,LogiTrans,Mary Martinez,female,36
45,TechCorp,James Johnson,male,36
46,MediaGroup,James Wilson,male,26
47,ManufactureX,William Hernandez,male,35
48,FoodChain,Matthew Martinez,male,52
49,ConsultPro,Anthony Davis,male,34
50,ConsultPro,John Hernandez,male,44
51,TechCorp,Susan Davis,female,65
52,MediaGroup,James Miller,male,28
53,LogiTrans,Michael Brown,male,50
54,RetailMax,Richard Williams,male,51
55,ManufactureX,Mark Johnson,male,57
56,LogiTrans,James Hernandez,male,22
57,EduWorld,Anthony Wilson,male,32
58,EduWorld,Jessica Davis,female,47
59,TechCorp,Robert Miller,male,46
60,ManufactureX,Betty Gonzalez,female,40
61,LogiTrans,Lisa Lopez,female,64
62,RetailMax,Jennifer Brown,female,35
63,LogiTrans,Charles Lopez,male,25
64,FoodChain,Mary Smith,female,52
65,FinanceHub,James Rodriguez,male,33
66,EduWorld,Charles Johnson,male,47
67,FoodChain,Charles Brown,male,60
68,ConsultPro,Charles Johnson,male,64
69,MediaGroup,Barbara Brown,female,37
70,RetailMax,Susan Williams,female,51
71,TechCorp,Betty Johnson,female,51
72,EduWorld,John Rodriguez,male,54
73,FinanceHub,Jennifer Garcia,female,37
74,ManufactureX,Barbara Williams,female,56
75,LogiTrans,Karen Gonzalez,female,22
76,HealthCare Inc,Nancy Johnson,female,38
77,LogiTrans,John Lopez,male,31
78,EduWorld,Barbara Martinez,female,43
79,RetailMax,Daniel Hernandez,male,54
80,TechCorp,Barbara Wilson,female,27
81,TechCorp,Margaret Jones,female,22
82,RetailMax,Betty Williams,female,32
83,ConsultPro,Sarah Lopez,female,57
84,HealthCare Inc,John Johnson,male,56
85,FoodChain,Mark Garcia,male,57
86,TechCorp,Richard Williams,male,41
87,TechCorp,Betty Wilson,female,44
88,FinanceHub,Daniel Brown,male,44
89,HealthCare Inc,Karen Lopez,female,37
90,HealthCare Inc,Anthony Gonzalez,male,48
91,MediaGroup,Robert Lopez,male,48
92,FinanceHub,William Williams,male,46
93,EduWorld,Mark Davis,male,34
94,EduWorld,Elizabeth Jones,female,36
95,ConsultPro,Daniel Brown,male,43
96,RetailMax,Margaret Johnson,female,44
97,LogiTrans,Nancy Wilson,female,43
98,HealthCare Inc,John Jones,male,59
99,FoodChain,Mary Johnson,female,49
100,MediaGroup,Lisa Gonzalez,female,49
101,EduWorld,Richard Martinez,male,38
102,TechCorp,Matthew Miller,male,55
103,FinanceHub,David Miller,male,64
104,FinanceHub,Karen Garcia,female,41
105,MediaGroup,Nancy Miller,female,47
106,EduWorld,Sarah Williams,female,48
107,HealthCare Inc,Nancy Lopez,female,61
108,TechCorp,Susan Rodriguez,female,41
109,FoodChain,Linda Miller,female,60
110,ManufactureX,Jessica Davis,female,65
111,HealthCare Inc,Thomas Davis,male,64
112,FoodChain,William Rodriguez,male,43
113,EduWorld,Mark Gonzalez,male,65
114,EduWorld,Linda Gonzalez,female,31
115,ManufactureX,James Brown,male,61
116,FoodChain,Joseph Miller,male,34
117,EduWorld,Jessica Miller,female,31
118,FinanceHub,Anthony Wilson,male,49
119,LogiTrans,Robert Gonzalez,male,51
120,FinanceHub,Thomas Brown,male,51
121,LogiTrans,Anthony Davis,male,57
122,FoodChain,Betty Davis,female,54
123,ManufactureX,Margaret Rodriguez,female,32
124,EduWorld,Jessica Jones,female,62
125,LogiTrans,Betty Gonzalez,female,53
126,FinanceHub,William Davis,male,40
127,MediaGroup,William Garcia,male,56
128,EduWorld,Robert Williams,male,46
129,FinanceHub,Matthew Brown,male,48
130,ManufactureX,Elizabeth Rodriguez,female,48
131,ConsultPro,Michael Wilson,male,46
132,FoodChain,Mark Gonzalez,male,46
133,RetailMax,Mary Garcia,female,46
134,LogiTrans,Sarah Lopez,female,60
135,RetailMax,Joseph Brown,male,49
136,MediaGroup,Mary Miller,female,64
137,ManufactureX,Lisa Williams,female,30
138,FoodChain,Richard Martinez,male,64
139,ConsultPro,John Hernandez,male,30
140,RetailMax,Jennifer Smith,female,46
141,MediaGroup,Linda Davis,female,43
142,ConsultPro,Barbara Gonzalez,female,38
143,LogiTrans,Joseph Smith,male,25
144,FinanceHub,Linda Hernandez,female,63
145,EduWorld,Anthony Smith,male,34
146,EduWorld,Charles Williams,male,30
147,FoodChain,Nancy Johnson,female,35
148,MediaGroup,Lisa Jones,female,32
149,HealthCare Inc,Anthony Wilson,male,41
150,RetailMax,Charles Smith,male,58
151,EduWorld,Susan Lopez,female,26
152,RetailMax,John Lopez,male,65
153,TechCorp,Anthony Martinez,male,44
154,FinanceHub,Nancy Garcia,female,54
155,ConsultPro,Mary Wilson,female,53
156,ManufactureX,Richard Garcia,male,31
157,LogiTrans,Jennifer Lopez,female,63
158,LogiTrans,Karen Gonzalez,female,52
159,FoodChain,Susan Wilson,female,39
160,FinanceHub,Margaret Brown,female,39
161,ManufactureX,Linda Gonzalez,female,58
162,ManufactureX,Elizabeth Smith,female,42
163,MediaGroup,Joseph Brown,male,38
164,RetailMax,Barbara Martinez,female,57
165,FinanceHub,Thomas Brown,male,37
166,EduWorld,Jessica Rodriguez,female,52
167,TechCorp,Jessica Gonzalez,female,27
168,EduWorld,Linda Miller,female,41
169,LogiTrans,Jessica Rodriguez,female,44
170,MediaGroup,Lisa Rodriguez,female,44
171,RetailMax,Barbara Jones,female,36
172,MediaGroup,Matthew Brown,male,29
173,ManufactureX,Michael Brown,male,39
174,EduWorld,Patricia Wilson,female,40
175,RetailMax,David Williams,male,22
176,TechCorp,William Smith,male,57
177,ManufactureX,Lisa Williams,female,28
178,ManufactureX,Charles Jones,male,52
179,TechCorp,Elizabeth Williams,female,38
180,FinanceHub,Patricia Wilson,female,47
181,TechCorp,Patricia Martinez,female,31
182,RetailMax,Anthony Martinez,male,27
183,ConsultPro,John Rodriguez,male,60
184,ConsultPro,Anthony Rodriguez,male,50
185,FoodChain,Barbara Wilson,female,49
186,TechCorp,Karen Martinez,female,61
187,EduWorld,Anthony Brown,male,38
188,HealthCare Inc,Robert Brown,male,57
189,ConsultPro,Robert Smith,male,50
190,EduWorld,Barbara Smith,female,40
191,ManufactureX,Lisa Wilson,female,26
192,FoodChain,William Gonzalez,male,64
193,LogiTrans,Richard Johnson,male,36
194,HealthCare Inc,William Wilson,male,26
195,RetailMax,Robert Gonzalez,male,60
196,ManufactureX,Jessica Johnson,female,41
197,LogiTrans,Barbara Rodriguez,female,53
198,TechCorp,Patricia Martinez,female,49
199,TechCorp,Karen Jones,female,27
200,FoodChain,Daniel Wilson,male,59
201,RetailMax,Anthony Hernandez,male,58
202,HealthCare Inc,Anthony Gonzalez,male,52
203,FoodChain,Barbara Williams,female,49
204,MediaGroup,Patricia Davis,female,48
205,FinanceHub,Elizabeth Hernandez,female,32
206,ManufactureX,Susan Lopez,female,40
207,LogiTrans,Margaret Gonzalez,female,24
208,RetailMax,Patricia Garcia,female,42
209,LogiTrans,Anthony Miller,male,22
210,EduWorld,Susan Smith,female,55
211,ManufactureX,Karen Gonzalez,female,62
212,EduWorld,Betty Smith,female,39
213,ManufactureX,William Davis,male,29
214,EduWorld,Daniel Martinez,male,32
215,LogiTrans,Sarah Smith,female,48
216,FinanceHub,Michael Wilson,male,51
217,HealthCare Inc,Daniel Wilson,male,53
218,RetailMax,Sarah Lopez,female,48
219,ManufactureX,Jessica Brown,female,57
220,FoodChain,Richard Brown,male,54
221,RetailMax,Mark Johnson,male,48
222,RetailMax,Betty Rodriguez,female,22
223,FoodChain,Lisa Jones,female,59
224,ManufactureX,Margaret Williams,female,56
225,LogiTrans,Elizabeth Garcia,female,56
226,EduWorld,Jessica Garcia,female,37
227,ConsultPro,Linda Wilson,female,24
228,ConsultPro,Lisa Davis,female,46
229,HealthCare Inc,Joseph Smith,male,54
230,ManufactureX,Margaret Johnson,female,28
231,HealthCare Inc,Mary Lopez,female,48
232,RetailMax,John Davis,male,43
233,MediaGroup,Nancy Johnson,female,65
234,ManufactureX,Elizabeth Hernandez,female,56
235,EduWorld,Charles Johnson,male,62
236,FinanceHub,Linda Lopez,female,49
237,FinanceHub,Anthony Hernandez,male,50
238,TechCorp,Matthew Jones,male,24
239,RetailMax,Betty Smith,female,44
240,EduWorld,Susan Williams,female,55
241,HealthCare Inc,Karen Hernandez,female,32
242,ConsultPro,John Martinez,male,61
243,HealthCare Inc,Joseph Martinez,male,36
244,ManufactureX,Nancy Jones,female,38
245,RetailMax,Anthony Davis,male,65
246,MediaGroup,John Davis,male,59
247,RetailMax,Nancy Miller,female,51
248,ManufactureX,Linda Miller,female,28
249,MediaGroup,Richard Martinez,male,58
250,TechCorp,Lisa Jones,female,64
251,FoodChain,Barbara Smith,female,65
252,ManufactureX,Charles Lopez,male,40
253,MediaGroup,Charles Gonzalez,male,36
254,HealthCare Inc,Charles Jones,male,62
255,TechCorp,Daniel Hernandez,male,41
256,MediaGroup,Mary Martinez,female,30
257,ConsultPro,William Garcia,male,33
258,LogiTrans,Robert Gonzalez,male,45
259,RetailMax,Margaret Williams,female,52
260,MediaGroup,Lisa Wilson,female,29
261,EduWorld,Patricia Williams,female,65
262,LogiTrans,Margaret Gonzalez,female,45
263,TechCorp,Anthony Miller,male,38
264,RetailMax,Joseph Garcia,male,59
265,MediaGroup,Margaret Hernandez,female,28
266,FoodChain,Joseph Smith,male,57
267,FinanceHub,Karen Brown,female,62
268,ConsultPro,Lisa Jones,female,29
269,RetailMax,James Smith,male,53
270,LogiTrans,John Brown,male,30
271,LogiTrans,Jessica Garcia,female,48
272,FinanceHub,Richard Hernandez,male,53
273,MediaGroup,Barbara Smith,female,35
274,MediaGroup,Jessica Brown,female,28
275,MediaGroup,Sarah Hernandez,female,25
276,FinanceHub,Barbara Brown,female,51
277,FoodChain,Daniel Brown,male,23
278,EduWorld,Anthony Garcia,male,30
279,LogiTrans,John Wilson,male,35
280,EduWorld,Mark Wilson,male,43
281,TechCorp,Anthony Martinez,male,39
282,RetailMax,Robert Rodriguez,male,33
283,TechCorp,Daniel Wilson,male,30
284,EduWorld,David Gonzalez,male,59
285,RetailMax,Mary Williams,female,25
286,LogiTrans,Matthew Miller,male,29
287,MediaGroup,Joseph Davis,male,54
288,EduWorld,Joseph Rodriguez,male,61
289,LogiTrans,Matthew Gonzalez,male,41
290,TechCorp,Nancy Smith,female,52
291,FinanceHub,Susan Hernandez,female,53
292,MediaGroup,Patricia Johnson,female,60
293,RetailMax,John Williams,male,61
294,LogiTrans,Susan Martinez,female,40
295,ConsultPro,Sarah Martinez,female,28
296,LogiTrans,Mark Hernandez,male,35
297,ConsultPro,Jessica Brown,female,43
298,FinanceHub,Susan Miller,female,42
299,RetailMax,Elizabeth Hernandez,female,45
300,FinanceHub,Daniel Davis,male,27
301,FinanceHub,John Miller,male,45
302,FoodChain,Thomas Smith,male,57
303,ConsultPro,Nancy Johnson,female,44
304,TechCorp,Margaret Lopez,female,40
305,FoodChain,Elizabeth Johnson,female,54
306,ManufactureX,Robert Hernandez,male,36
307,LogiTrans,David Wilson,male,45
308,FoodChain,Anthony Jones,male,36
309,FoodChain,Margaret Rodriguez,female,61
310,RetailMax,Charles Hernandez,male,23
311,RetailMax,William Lopez,male,43
312,HealthCare Inc,Mary Williams,female,58
313,TechCorp,Patricia Williams,female,27
314,ManufactureX,Richard Miller,male,43
315,MediaGroup,David Jones,male,58
316,HealthCare Inc,James Williams,male,61
317,RetailMax,Daniel Johnson,male,50
318,ManufactureX,Jessica Martinez,female,48
319,LogiTrans,Linda Gonzalez,female,29
320,RetailMax,Susan Johnson,female,65
321,RetailMax,Sarah Hernandez,female,24
322,TechCorp,Richard Martinez,male,22
323,HealthCare Inc,William Brown,male,38
324,TechCorp,Elizabeth Johnson,female,53
325,ConsultPro,Jennifer Williams,female,56
326,MediaGroup,Thomas Rodriguez,male,26
327,TechCorp,Margaret Lopez,female,49
328,MediaGroup,Joseph Johnson,male,58
329,ConsultPro,Karen Miller,female,40
330,MediaGroup,Richard Smith,male,32
331,MediaGroup,Margaret Lopez,female,27
332,EduWorld,Margaret Johnson,female,49
333,ConsultPro,Sarah Johnson,female,41
334,HealthCare Inc,Linda Garcia,female,26
335,EduWorld,Thomas Rodriguez,male,44
336,HealthCare Inc,Lisa Wilson,female,37
337,EduWorld,Robert Jones,male,33
338,FinanceHub,Anthony Gonzalez,male,33
339,FoodChain,Jessica Gonzalez,female,59
340,FoodChain,Nancy Martinez,female,42
341,FinanceHub,Jennifer Davis,female,52
342,RetailMax,Nancy Jones,female,59
343,FinanceHub,David Rodriguez,male,41
344,TechCorp,Jessica Smith,female,45
345,FinanceHub,Patricia Hernandez,female,61
346,LogiTrans,Jessica Martinez,female,24
347,EduWorld,Betty Martinez,female,42
348,TechCorp,Sarah Williams,female,50
349,MediaGroup,Anthony Wilson,male,27
350,ManufactureX,James Brown,male,50
351,RetailMax,David Garcia,male,46
352,FoodChain,Betty Garcia,female,25
353,FinanceHub,Patricia Garcia,female,57
354,FoodChain,Barbara Jones,female,31
355,HealthCare Inc,Patricia Martinez,female,44
356,ConsultPro,Nancy Lopez,female,30
357,ConsultPro,William Rodriguez,male,63
358,LogiTrans,Margaret Williams,female,27
359,TechCorp,Sarah Garcia,female,45
360,MediaGroup,Jennifer Brown,female,53
361,HealthCare Inc,Michael Williams,male,26
362,FinanceHub,Margaret Gonzalez,female,54
363,FoodChain,Daniel Garcia,male,30
364,HealthCare Inc,Jennifer Williams,female,61
365,TechCorp,Matthew Davis,male,48
366,EduWorld,Nancy Lopez,female,50
367,ManufactureX,Betty Lopez,female,36
368,ManufactureX,William Gonzalez,male,34
369,ManufactureX,Nancy Martinez,female,51
370,LogiTrans,Betty Miller,female,55
371,EduWorld,Jennifer Wilson,female,60
372,TechCorp,Mark Jones,male,63
373,LogiTrans,Margaret Garcia,female,28
374,HealthCare Inc,William Johnson,male,39
375,ConsultPro,Sarah Williams,female,27
376,MediaGroup,Mark Davis,male,23
377,LogiTrans,Mary Miller,female,45
378,MediaGroup,Richard Johnson,male,36
379,MediaGroup,David Johnson,male,31
380,ManufactureX,James Jones,male,30
381,TechCorp,Jessica Martinez,female,27
382,HealthCare Inc,William Brown,male,57
383,RetailMax,Patricia Gonzalez,female,37
384,EduWorld,Patricia Smith,female,48
385,ManufactureX,Patricia Johnson,female,60
386,FoodChain,Daniel Rodriguez,male,37
387,TechCorp,William Miller,male,61
388,ConsultPro,Linda Martinez,female,33
389,FinanceHub,Thomas Garcia,male,55
390,ManufactureX,Richard Wilson,male,24
391,TechCorp,Elizabeth Jones,female,44
392,FinanceHub,David Brown,male,59
393,MediaGroup,Jennifer Smith,female,56
394,HealthCare Inc,Margaret Hernandez,female,65
395,HealthCare Inc,Lisa Davis,female,30
396,ManufactureX,Matthew Gonzalez,male,24
397,EduWorld,Linda Smith,female,24
398,ConsultPro,Barbara Rodriguez,female,56
399,EduWorld,Barbara Smith,female,40
400,TechCorp,Margaret Gonzalez,female,63
401,MediaGroup,Barbara Johnson,female,49
402,ConsultPro,Lisa Davis,female,43
403,ManufactureX,Joseph Lopez,male,45
404,ConsultPro,Betty Johnson,female,27
405,HealthCare Inc,Karen Wilson,female,56
406,FinanceHub,Elizabeth Johnson,female,42
407,FoodChain,Barbara Davis,female,49
408,MediaGroup,Matthew Davis,male,50
409,MediaGroup,Matthew Wilson,male,61
410,TechCorp,Barbara Hernandez,female,26
411,HealthCare Inc,Elizabeth Rodriguez,female,23
412,ManufactureX,Mark Martinez,male,24
413,MediaGroup,John Brown,male,45
414,FoodChain,Karen Smith,female,31
415,ManufactureX,Elizabeth Garcia,female,26
416,ConsultPro,Thomas Garcia,male,42
417,TechCorp,Linda Johnson,female,33
418,LogiTrans,Sarah Miller,female,29
419,ManufactureX,Betty Jones,female,35
420,EduWorld,Lisa Davis,female,29
421,ManufactureX,Mark Johnson,male,33
422,MediaGroup,Patricia Gonzalez,female,64
423,LogiTrans,Lisa Johnson,female,56
424,HealthCare Inc,Barbara Wilson,female,62
425,LogiTrans,Anthony Garcia,male,36
426,HealthCare Inc,Michael Gonzalez,male,37
427,LogiTrans,Mary Garcia,female,58
428,LogiTrans,Jessica Gonzalez,female,30
429,ConsultPro,John Jones,male,52
430,FoodChain,Betty Miller,female,26
431,FinanceHub,David Hernandez,male,50
432,MediaGroup,Nancy Rodriguez,female,30
433,ConsultPro,Anthony Williams,male,54
434,LogiTrans,Mark Johnson,male,31
435,MediaGroup,Jennifer Williams,female,36
436,FinanceHub,Sarah Jones,female,38
437,RetailMax,Daniel Rodriguez,male,30
438,FinanceHub,Karen Rodriguez,female,54
439,HealthCare Inc,Charles Martinez,male,32
440,TechCorp,Margaret Martinez,female,23
441,FoodChain,James Hernandez,male,38
442,ConsultPro,Anthony Martinez,male,61
443,LogiTrans,Joseph Hernandez,male,40
444,ConsultPro,Jessica Brown,female,41
445,TechCorp,Patricia Lopez,female,32
446,ManufactureX,Susan Davis,female,35
447,MediaGroup,Karen Williams,female,42
448,MediaGroup,Susan Williams,female,54
449,ManufactureX,David Brown,male,29
450,HealthCare Inc,Jessica Brown,female,28
451,FoodChain,William Miller,male,48
452,MediaGroup,Mark Williams,male,58
453,HealthCare Inc,Linda Gonzalez,female,53
454,ManufactureX,Jessica Jones,female,23
455,ManufactureX,Richard Rodriguez,male,37
456,TechCorp,Charles Garcia,male,25
457,ManufactureX,Jessica Martinez,female,40
458,ConsultPro,Mark Johnson,male,30
459,ConsultPro,Lisa Garcia,female,45
460,FoodChain,Richard Smith,male,57
461,RetailMax,David Rodriguez,male,26
462,LogiTrans,Sarah Davis,female,39
463,ConsultPro,Robert Johnson,male,45
464,HealthCare Inc,Sarah Garcia,female,34
465,TechCorp,Sarah Smith,female,24
466,ManufactureX,Matthew Garcia,male,55
467,LogiTrans,Jennifer Martinez,female,30
468,HealthCare Inc,Karen Garcia,female,47
469,LogiTrans,Karen Garcia,female,54
470,RetailMax,Lisa Martinez,female,52
471,FinanceHub,David Garcia,male,48
472,TechCorp,Betty Lopez,female,60
473,FoodChain,Barbara Hernandez,female,58
474,FoodChain,Matthew Smith,male,52
475,FoodChain,Thomas Hernandez,male,46
476,EduWorld,Mark Hernandez,male,24
477,ManufactureX,Michael Smith,male,42
478,EduWorld,Jennifer Miller,female,48
479,TechCorp,Margaret Wilson,female,30
480,ManufactureX,Thomas Garcia,male,55
481,ManufactureX,Elizabeth Williams,female,56
482,RetailMax,Sarah Garcia,female,61
483,RetailMax,Linda Brown,female,57
484,RetailMax,Linda Jones,female,35
485,MediaGroup,Elizabeth Davis,female,57
486,FoodChain,Barbara Johnson,female,65
487,MediaGroup,Susan Wilson,female,31
488,FinanceHub,Mary Jones,female,44
489,ManufactureX,Nancy Jones,female,35
490,RetailMax,Mark Rodriguez,male,57
491,FoodChain,Jennifer Johnson,female,59
492,LogiTrans,Michael Smith,male,36
493,ConsultPro,James Johnson,male,43
494,HealthCare Inc,Patricia Hernandez,female,22
495,ManufactureX,Richard Hernandez,male,52
496,MediaGroup,Anthony Jones,male,40
497,FoodChain,Anthony Johnson,male,36
498,HealthCare Inc,Robert Miller,male,24
499,HealthCare Inc,Betty Davis,female,40
500,FoodChain,James Jones,male,60
